Industry,Symbol
Conglomerates,0001.HK
Utilities—Regulated Electric,0002.HK
Utilities—Regulated Gas,0003.HK
Real Estate—Development,0004.HK
Banks—Diversified,0005.HK
Utilities—Independent Power Producers,0006.HK
Electronics & Computer Distribution,0007.HK
Telecom Services,0008.HK
Real Estate—Development,0009.HK
Real Estate Services,0010.HK
Banks—Regional,0011.HK
Real Estate—Diversified,0012.HK
Drug Manufacturers—Specialty & Generic,0013.HK
Real Estate Services,0014.HK
Real Estate—Development,0016.HK
Real Estate—Diversified,0017.HK
Publishing,0018.HK
Conglomerates,0019.HK
Software—Application,0020.HK
Real Estate Services,0021.HK
Lodging,0022.HK
Banks—Regional,0023.HK
Conglomerates,0025.HK
Real Estate—Development,0026.HK
Resorts & Casinos,0027.HK
Real Estate—Development,0028.HK
Real Estate Services,0029.HK
Capital Markets,0030.HK
Electronic Components,0031.HK
Education & Training Services,0032.HK
Asset Management,0033.HK
Real Estate—Development,0034.HK
Real Estate—Development,0035.HK
Real Estate Services,0036.HK
Real Estate Services,0037.HK
Farm & Heavy Construction Machinery,0038.HK
Grocery Stores,0039.HK
Electronic Components,0040.HK
Real Estate—Diversified,0041.HK
Lodging,0042.HK
Lodging,0045.HK
Information Technology Services,0046.HK
Textile Manufacturing,0048.HK
Real Estate—Diversified,0050.HK
Real Estate—Development,0051.HK
Restaurants,0052.HK
Conglomerates,0053.HK
Specialty Business Services,0055.HK
Specialty Industrial Machinery,0057.HK
Building Materials,0058.HK
Real Estate—Development,0059.HK
Food Distribution,0060.HK
Coking Coal,0061.HK
Railroads,0062.HK
Real Estate Services,0063.HK
Capital Markets,0064.HK
Thermal Coal,0065.HK
Railroads,0066.HK
Lodging,0069.HK
Resorts & Casinos,0070.HK
Real Estate Services,0071.HK
Advertising Agencies,0072.HK
Food Distribution,0073.HK
Real Estate—Development,0075.HK
Electronic Components,0076.HK
Railroads,0077.HK
Lodging,0078.HK
Personal Services,0079.HK
Asset Management,0080.HK
Real Estate—Development,0081.HK
Gambling,0082.HK
Real Estate—Development,0083.HK
Luxury Goods,0084.HK
Semiconductors,0085.HK
Credit Services,0086.HK
Conglomerates,0087.HK
Real Estate—Development,0088.HK
Real Estate Services,0089.HK
Utilities—Renewable,0090.HK
Electronics & Computer Distribution,0091.HK
Oil & Gas Midstream,0092.HK
Real Estate Services,0093.HK
Lumber & Wood Production,0094.HK
Real Estate—Development,0095.HK
Auto Parts,0096.HK
Department Stores,0097.HK
Aluminum,0098.HK
Consumer Electronics,0099.HK
Real Estate Services,0101.HK
Resorts & Casinos,0102.HK
Steel,0103.HK
Specialty Retail,0104.HK
Real Estate Services,0105.HK
Real Estate—Development,0106.HK
Infrastructure Operations,0107.HK
Real Estate Services,0108.HK
Consumer Electronics,0110.HK
Capital Markets,0111.HK
Luxury Goods,0113.HK
Leisure,0114.HK
Real Estate—Development,0115.HK
Luxury Goods,0116.HK
Electronic Components,0117.HK
Conglomerates,0118.HK
Real Estate—Development,0119.HK
Real Estate—Diversified,0120.HK
Apparel Manufacturing,0122.HK
Real Estate—Development,0123.HK
Real Estate—Development,0124.HK
Luxury Goods,0125.HK
Restaurants,0126.HK
Capital Markets,0127.HK
Apparel Retail,0128.HK
Asset Management,0129.HK
Apparel Manufacturing,0130.HK
Real Estate—Development,0131.HK
Conglomerates,0132.HK
Asset Management,0133.HK
Oil & Gas Refining & Marketing,0135.HK
Entertainment,0136.HK
Marine Shipping,0137.HK
Conglomerates,0138.HK
Capital Markets,0139.HK
Packaged Foods,0142.HK
Marine Shipping,0144.HK
Building Products & Equipment,0145.HK
Textile Manufacturing,0146.HK
Real Estate—Development,0147.HK
Conglomerates,0148.HK
Real Estate—Diversified,0149.HK
Internet Content & Information,0150.HK
Packaged Foods,0151.HK
Infrastructure Operations,0152.HK
Waste Management,0154.HK
Restaurants,0156.HK
Household & Personal Products,0157.HK
Real Estate Services,0158.HK
Steel,0159.HK
Real Estate—Development,0160.HK
Department Stores,0162.HK
Real Estate Services,0163.HK
Advertising Agencies,0164.HK
Asset Management,0165.HK
Other Industrial Metals & Mining,0166.HK
Consumer Electronics,0167.HK
Beverages—Brewers,0168.HK
Real Estate—Development,0169.HK
Real Estate Services,0171.HK
Real Estate—Development,0173.HK
Asset Management,0174.HK
Auto Manufacturers,0175.HK
Consumer Electronics,0176.HK
Infrastructure Operations,0177.HK
Specialty Retail,0178.HK
Auto Parts,0179.HK
Leisure,0180.HK
Lodging,0181.HK
Utilities—Renewable,0182.HK
Real Estate Services,0183.HK
Lodging,0184.HK
Real Estate—Development,0185.HK
Electronics & Computer Distribution,0186.HK
Specialty Industrial Machinery,0187.HK
Capital Markets,0188.HK
Chemicals,0189.HK
Real Estate—Diversified,0191.HK
Lodging,0193.HK
Real Estate—Development,0194.HK
Other Industrial Metals & Mining,0195.HK
Oil & Gas Equipment & Services,0196.HK
Farm Products,0197.HK
Lodging,0199.HK
Resorts & Casinos,0200.HK
Lodging,0201.HK
Conglomerates,0202.HK
Asset Management,0204.HK
Advertising Agencies,0205.HK
Oil & Gas Equipment & Services,0206.HK
Real Estate—Diversified,0207.HK
Leisure,0209.HK
Footwear & Accessories,0210.HK
Capital Markets,0211.HK
Real Estate Services,0212.HK
Luxury Goods,0213.HK
Asset Management,0214.HK
Telecom Services,0215.HK
Real Estate—Development,0216.HK
Steel,0217.HK
Capital Markets,0218.HK
Lodging,0219.HK
Beverages—Non-Alcoholic,0220.HK
Insurance—Property & Casualty,0222.HK
Capital Markets,0223.HK
Real Estate Services,0224.HK
Real Estate Services,0225.HK
Restaurants,0226.HK
Capital Markets,0227.HK
Oil & Gas Integrated,0228.HK
"Furnishings, Fixtures & Appliances",0229.HK
Real Estate—Development,0230.HK
Aerospace & Defense,0232.HK
Leisure,0234.HK
Capital Markets,0235.HK
Beverages—Brewers,0236.HK
Real Estate Services,0237.HK
Drug Manufacturers—Specialty & Generic,0239.HK
Engineering & Construction,0240.HK
Pharmaceutical Retailers,0241.HK
Real Estate—Diversified,0242.HK
Semiconductors,0243.HK
Department Stores,0244.HK
Asset Management,0245.HK
Real Estate—Development,0247.HK
Communication Equipment,0248.HK
Information Technology Services,0250.HK
Real Estate—Diversified,0251.HK
Packaging & Containers,0252.HK
Lodging,0253.HK
Rental & Leasing Services,0254.HK
Metal Fabrication,0255.HK
Luxury Goods,0256.HK
Waste Management,0257.HK
Real Estate—Diversified,0258.HK
Electronic Components,0259.HK
Conglomerates,0260.HK
Real Estate—Diversified,0261.HK
Real Estate—Development,0262.HK
Footwear & Accessories,0264.HK
Travel Services,0265.HK
Real Estate Services,0266.HK
Conglomerates,0267.HK
Software—Application,0268.HK
Infrastructure Operations,0269.HK
Utilities—Regulated Water,0270.HK
Real Estate Services,0271.HK
Real Estate—Development,0272.HK
Asset Management,0273.HK
Gold,0274.HK
Coking Coal,0276.HK
Real Estate Services,0277.HK
Real Estate Services,0278.HK
Capital Markets,0279.HK
Luxury Goods,0280.HK
Electronic Components,0285.HK
Medical Care Facilities,0286.HK
Real Estate Services,0287.HK
Packaged Foods,0288.HK
Department Stores,0289.HK
Financial Conglomerates,0290.HK
Beverages—Brewers,0291.HK
Asset Management,0292.HK
Airlines,0293.HK
Apparel Manufacturing,0294.HK
Utilities—Renewable,0295.HK
Resorts & Casinos,0296.HK
Agricultural Inputs,0297.HK
Real Estate—Development,0298.HK
Capital Markets,0299.HK
Specialty Chemicals,0301.HK
Electronic Gaming & Multimedia,0302.HK
Communication Equipment,0303.HK
Auto Parts,0305.HK
Railroads,0306.HK
Leisure,0308.HK
Specialty Business Services,0309.HK
Asset Management,0310.HK
Apparel Manufacturing,0311.HK
Department Stores,0312.HK
Real Estate Services,0313.HK
Medical Distribution,0314.HK
Telecom Services,0315.HK
Marine Shipping,0316.HK
Aerospace & Defense,0317.HK
Information Technology Services,0318.HK
Consumer Electronics,0320.HK
Textile Manufacturing,0321.HK
Packaged Foods,0322.HK
Steel,0323.HK
Entertainment,0326.HK
Business Equipment & Supplies,0327.HK
Consumer Electronics,0328.HK
Capital Markets,0329.HK
Apparel Retail,0330.HK
Engineering & Construction,0331.HK
Oil & Gas Refining & Marketing,0332.HK
Apparel Manufacturing,0333.HK
Electronic Components,0334.HK
Capital Markets,0335.HK
Specialty Chemicals,0336.HK
Real Estate—Development,0337.HK
Oil & Gas Refining & Marketing,0338.HK
Asset Management,0339.HK
Gold,0340.HK
Restaurants,0341.HK
Oil & Gas Refining & Marketing,0342.HK
Advertising Agencies,0343.HK
Packaged Foods,0345.HK
Oil & Gas Integrated,0346.HK
Steel,0347.HK
Pharmaceutical Retailers,0348.HK
Marine Shipping,0351.HK
Real Estate Services,0352.HK
Oil & Gas Equipment & Services,0353.HK
Information Technology Services,0354.HK
Lodging,0355.HK
Capital Markets,0356.HK
Airports & Air Services,0357.HK
Copper,0358.HK
Beverages—Non-Alcoholic,0359.HK
Auto Parts,0360.HK
Leisure,0361.HK
Utilities—Regulated Electric,0362.HK
Conglomerates,0363.HK
Specialty Industrial Machinery,0365.HK
Building Materials,0366.HK
Real Estate Services,0367.HK
Engineering & Construction,0368.HK
Real Estate—Development,0369.HK
Specialty Retail,0370.HK
Utilities—Regulated Water,0371.HK
Capital Markets,0372.HK
Credit Services,0373.HK
Food Distribution,0374.HK
Apparel Retail,0375.HK
Insurance—Life,0376.HK
Specialty Chemicals,0377.HK
Credit Services,0379.HK
Home Improvement Retail,0380.HK
Leisure,0381.HK
Education & Training Services,0382.HK
Medical Care Facilities,0383.HK
Utilities—Regulated Gas,0384.HK
Engineering & Construction,0385.HK
Oil & Gas Integrated,0386.HK
Specialty Industrial Machinery,0387.HK
Financial Data & Stock Exchanges,0388.HK
Beverages—Wineries & Distilleries,0389.HK
Engineering & Construction,0390.HK
Entertainment,0391.HK
Conglomerates,0392.HK
Consulting Services,0393.HK
"Furnishings, Fixtures & Appliances",0396.HK
Financial Conglomerates,0397.HK
Luxury Goods,0398.HK
Household & Personal Products,0399.HK
Electronics & Computer Distribution,0400.HK
Medical Distribution,0401.HK
Packaging & Containers,0403.HK
REIT—Diversified,0405.HK
Engineering & Construction,0406.HK
Specialty Chemicals,0408.HK
Real Estate Services,0410.HK
Packaged Foods,0411.HK
Capital Markets,0412.HK
Leisure,0413.HK
Banks—Regional,0416.HK
Luxury Goods,0417.HK
Software—Application,0418.HK
Leisure,0419.HK
Textile Manufacturing,0420.HK
Recreational Vehicles,0422.HK
Publishing,0423.HK
Auto Parts,0425.HK
Conglomerates,0426.HK
Capital Markets,0428.HK
Real Estate Services,0430.HK
Credit Services,0431.HK
Real Estate Services,0432.HK
Chemicals,0433.HK
Electronic Gaming & Multimedia,0434.HK
REIT—Diversified,0435.HK
Waste Management,0436.HK
Solar,0438.HK
Aerospace & Defense,0439.HK
Banks—Regional,0440.HK
Luxury Goods,0442.HK
Luxury Goods,0444.HK
Specialty Business Services,0450.HK
Utilities—Renewable,0451.HK
Drug Manufacturers—Specialty & Generic,0455.HK
Real Estate—Development,0456.HK
Apparel Manufacturing,0458.HK
Real Estate Services,0459.HK
Drug Manufacturers—Specialty & Generic,0460.HK
Household & Personal Products,0464.HK
Information Technology Services,0465.HK
Oil & Gas E&P,0467.HK
Packaging & Containers,0468.HK
Electronics & Computer Distribution,0471.HK
Beverages—Wineries & Distilleries,0472.HK
Conglomerates,0474.HK
Solar,0475.HK
Recreational Vehicles,0476.HK
Auto Parts,0479.HK
Real Estate—Development,0480.HK
Communication Equipment,0482.HK
Apparel Retail,0483.HK
Electronic Gaming & Multimedia,0484.HK
Real Estate—Development,0485.HK
Aluminum,0486.HK
Travel Services,0487.HK
Real Estate—Diversified,0488.HK
Auto Manufacturers,0489.HK
Entertainment,0491.HK
Specialty Retail,0493.HK
Real Estate Services,0495.HK
Real Estate—Development,0496.HK
Real Estate—Diversified,0497.HK
Engineering & Construction,0498.HK
Real Estate Services,0499.HK
Integrated Freight & Logistics,0500.HK
Drug Manufacturers—Specialty & Generic,0503.HK
Copper,0505.HK
Beverages—Non-Alcoholic,0506.HK
Credit Services,0508.HK
Agricultural Inputs,0509.HK
Capital Markets,0510.HK
Broadcasting,0511.HK
Drug Manufacturers—Specialty & Generic,0512.HK
Luxury Goods,0513.HK
Electronic Components,0515.HK
Marine Shipping,0517.HK
Apparel Manufacturing,0518.HK
Real Estate Services,0519.HK
Restaurants,0520.HK
Other Industrial Metals & Mining,0521.HK
Semiconductor Equipment & Materials,0522.HK
Telecom Services,0524.HK
Railroads,0525.HK
Auto & Truck Dealerships,0526.HK
Utilities—Renewable,0527.HK
Textile Manufacturing,0528.HK
Electronics & Computer Distribution,0529.HK
Beverages—Wineries & Distilleries,0530.HK
"Furnishings, Fixtures & Appliances",0531.HK
Electronic Components,0532.HK
Apparel Manufacturing,0533.HK
Real Estate—Development,0535.HK
Software—Application,0536.HK
Restaurants,0538.HK
Apparel Manufacturing,0540.HK
Real Estate—Development,0542.HK
Internet Content & Information,0543.HK
Specialty Business Services,0544.HK
Specialty Chemicals,0546.HK
Entertainment,0547.HK
Infrastructure Operations,0548.HK
Advertising Agencies,0550.HK
Footwear & Accessories,0551.HK
Telecom Services,0552.HK
Electronic Components,0553.HK
Oil & Gas Equipment & Services,0554.HK
Pollution & Treatment Controls,0556.HK
Medical Care Facilities,0557.HK
Specialty Industrial Machinery,0558.HK
Lodging,0559.HK
Marine Shipping,0560.HK
Real Estate—Development,0563.HK
Auto Parts,0564.HK
Real Estate Services,0565.HK
Oil & Gas Refining & Marketing,0567.HK
Oil & Gas Equipment & Services,0568.HK
Drug Manufacturers—Specialty & Generic,0570.HK
Entertainment,0571.HK
Capital Markets,0572.HK
Restaurants,0573.HK
Pharmaceutical Retailers,0574.HK
Asset Management,0575.HK
Infrastructure Operations,0576.HK
Utilities—Renewable,0579.HK
Electronic Components,0580.HK
Steel,0581.HK
Resorts & Casinos,0582.HK
Real Estate Services,0583.HK
Financial Conglomerates,0585.HK
Pollution & Treatment Controls,0586.HK
Waste Management,0587.HK
Real Estate—Development,0588.HK
Engineering & Construction,0589.HK
Luxury Goods,0590.HK
Scientific & Technical Instruments,0591.HK
Apparel Retail,0592.HK
Real Estate Services,0593.HK
Electronics & Computer Distribution,0595.HK
Software—Application,0596.HK
Integrated Freight & Logistics,0598.HK
Home Improvement Retail,0599.HK
Oil & Gas Equipment & Services,0600.HK
Other Industrial Metals & Mining,0601.HK
Department Stores,0602.HK
Oil & Gas Refining & Marketing,0603.HK
Real Estate—Development,0604.HK
Credit Services,0605.HK
Real Estate Services,0606.HK
Specialty Industrial Machinery,0607.HK
Apparel Manufacturing,0608.HK
Chemicals,0609.HK
Engineering & Construction,0610.HK
Engineering & Construction,0611.HK
Asset Management,0612.HK
Capital Markets,0613.HK
Real Estate Services,0616.HK
Lodging,0617.HK
Real Estate—Development,0618.HK
Capital Markets,0619.HK
Internet Retail,0620.HK
Gold,0621.HK
Capital Markets,0622.HK
Advertising Agencies,0623.HK
Banks—Regional,0626.HK
Credit Services,0628.HK
Specialty Business Services,0629.HK
Conglomerates,0630.HK
Farm & Heavy Construction Machinery,0631.HK
Oil & Gas E&P,0632.HK
Leisure,0635.HK
Integrated Freight & Logistics,0636.HK
Other Industrial Metals & Mining,0637.HK
Consumer Electronics,0638.HK
Coking Coal,0639.HK
Specialty Chemicals,0640.HK
Specialty Industrial Machinery,0641.HK
Apparel Manufacturing,0643.HK
Thermal Coal,0645.HK
Waste Management,0646.HK
Semiconductor Equipment & Materials,0650.HK
Specialty Industrial Machinery,0651.HK
Specialty Retail,0653.HK
Real Estate Services,0655.HK
Conglomerates,0656.HK
Restaurants,0657.HK
Engineering & Construction,0659.HK
Chemicals,0660.HK
Copper,0661.HK
Insurance—Life,0662.HK
Conglomerates,0663.HK
Capital Markets,0665.HK
Education & Training Services,0667.HK
Credit Services,0668.HK
Tools & Accessories,0669.HK
Airlines,0670.HK
Real Estate—Diversified,0672.HK
Medical Distribution,0673.HK
Real Estate Services,0674.HK
Electronic Components,0675.HK
Footwear & Accessories,0676.HK
Food Distribution,0677.HK
Specialty Industrial Machinery,0679.HK
Entertainment,0680.HK
Utilities—Regulated Gas,0681.HK
Farm Products,0682.HK
Real Estate—Development,0683.HK
"Furnishings, Fixtures & Appliances",0684.HK
Publishing,0685.HK
Utilities—Renewable,0686.HK
Engineering & Construction,0687.HK
Real Estate—Development,0688.HK
Conglomerates,0689.HK
Biotechnology,0690.HK
Building Materials,0691.HK
Auto & Truck Dealerships,0693.HK
Airports & Air Services,0694.HK
Building Materials,0695.HK
Information Technology Services,0696.HK
Infrastructure Operations,0697.HK
Electronic Components,0698.HK
Internet Content & Information,0700.HK
Specialty Chemicals,0701.HK
Thermal Coal,0702.HK
Restaurants,0703.HK
Thermal Coal,0704.HK
Textile Manufacturing,0707.HK
Medical Care Facilities,0708.HK
Apparel Retail,0709.HK
Electronic Components,0710.HK
Engineering & Construction,0711.HK
Solar,0712.HK
Building Products & Equipment,0713.HK
Real Estate Services,0715.HK
Packaging & Containers,0716.HK
Capital Markets,0717.HK
Medical Distribution,0718.HK
Drug Manufacturers—Specialty & Generic,0719.HK
Real Estate Services,0720.HK
Asset Management,0721.HK
Medical Care Facilities,0722.HK
Lumber & Wood Production,0723.HK
Electrical Equipment & Parts,0724.HK
Electrical Equipment & Parts,0725.HK
Real Estate—Development,0726.HK
Real Estate Services,0727.HK
Telecom Services,0728.HK
Credit Services,0730.HK
Paper & Paper Products,0731.HK
Electronic Components,0732.HK
Real Estate Services,0733.HK
Credit Services,0736.HK
Infrastructure Operations,0737.HK
Footwear & Accessories,0738.HK
Building Materials,0743.HK
Advertising Agencies,0745.HK
Chemicals,0746.HK
Real Estate—Development,0747.HK
Solar,0750.HK
Consumer Electronics,0751.HK
Specialty Business Services,0752.HK
Airlines,0753.HK
Real Estate—Development,0754.HK
Real Estate—Development,0755.HK
Beverages—Non-Alcoholic,0756.HK
Solar,0757.HK
Other Industrial Metals & Mining,0758.HK
Grocery Stores,0759.HK
Real Estate—Development,0760.HK
Telecom Services,0762.HK
Communication Equipment,0763.HK
Credit Services,0764.HK
Leisure,0765.HK
Credit Services,0767.HK
Asset Management,0768.HK
Other Industrial Metals & Mining,0769.HK
Asset Management,0770.HK
Information Technology Services,0771.HK
Internet Content & Information,0772.HK
Biotechnology,0775.HK
"Furnishings, Fixtures & Appliances",0776.HK
Electronic Gaming & Multimedia,0777.HK
REIT—Retail,0778.HK
Travel Services,0780.HK
Engineering & Construction,0784.HK
Telecom Services,0788.HK
Luxury Goods,0789.HK
Paper & Paper Products,0794.HK
Electronic Gaming & Multimedia,0797.HK
Real Estate Services,0798.HK
Electronic Gaming & Multimedia,0799.HK
Conglomerates,0800.HK
Software—Application,0802.HK
Capital Markets,0804.HK
Asset Management,0806.HK
Utilities—Regulated Water,0807.HK
REIT—Diversified,0808.HK
Packaged Foods,0809.HK
Asset Management,0810.HK
Publishing,0811.HK
Capital Markets,0812.HK
Real Estate—Development,0813.HK
Specialty Retail,0814.HK
Other Precious Metals & Mining,0815.HK
Real Estate Services,0816.HK
Real Estate—Development,0817.HK
Software—Infrastructure,0818.HK
Auto Parts,0819.HK
Capital Markets,0821.HK
Metal Fabrication,0822.HK
REIT—Retail,0823.HK
Department Stores,0825.HK
Steel,0826.HK
Chemicals,0827.HK
Beverages—Wineries & Distilleries,0828.HK
Packaged Foods,0829.HK
Engineering & Construction,0830.HK
Grocery Stores,0831.HK
Real Estate—Development,0832.HK
Electronic Components,0833.HK
Packaged Foods,0834.HK
Utilities—Independent Power Producers,0836.HK
"Furnishings, Fixtures & Appliances",0837.HK
Metal Fabrication,0838.HK
Education & Training Services,0839.HK
Farm & Heavy Construction Machinery,0840.HK
Packaged Foods,0841.HK
Electrical Equipment & Parts,0842.HK
Apparel Manufacturing,0844.HK
Real Estate—Development,0845.HK
Real Estate—Development,0846.HK
Department Stores,0848.HK
Capital Markets,0851.HK
Oil & Gas Refining & Marketing,0852.HK
Medical Devices,0853.HK
Electronics & Computer Distribution,0854.HK
Utilities—Regulated Water,0855.HK
Electronics & Computer Distribution,0856.HK
Oil & Gas Integrated,0857.HK
Drug Manufacturers—Specialty & Generic,0858.HK
Real Estate Services,0859.HK
Luxury Goods,0860.HK
Information Technology Services,0861.HK
Conglomerates,0862.HK
Software—Application,0863.HK
Real Estate Services,0864.HK
Real Estate—Development,0865.HK
Thermal Coal,0866.HK
Drug Manufacturers—Specialty & Generic,0867.HK
Building Materials,0868.HK
Leisure,0869.HK
Engineering & Construction,0871.HK
Auto Parts,0872.HK
Real Estate Services,0873.HK
Drug Manufacturers—Specialty & Generic,0874.HK
Farm Products,0875.HK
Medical Instruments & Supplies,0876.HK
Real Estate Services,0878.HK
Resorts & Casinos,0880.HK
Auto & Truck Dealerships,0881.HK
Conglomerates,0882.HK
Oil & Gas E&P,0883.HK
Real Estate—Development,0884.HK
Beverages—Wineries & Distilleries,0886.HK
Luxury Goods,0887.HK
Financial Conglomerates,0888.HK
Electronic Components,0889.HK
Steel,0893.HK
Electronic Components,0894.HK
Waste Management,0895.HK
Engineering & Construction,0896.HK
Drug Manufacturers—Specialty & Generic,0897.HK
Real Estate Services,0898.HK
Real Estate—Diversified,0899.HK
Credit Services,0900.HK
Asset Management,0901.HK
Utilities—Independent Power Producers,0902.HK
Farm Products,0904.HK
Asset Management,0905.HK
Packaging & Containers,0906.HK
Medical Instruments & Supplies,0907.HK
Software—Application,0909.HK
Real Estate—Development,0910.HK
Drug Manufacturers—Specialty & Generic,0911.HK
Consumer Electronics,0912.HK
Asset Management,0913.HK
Building Materials,0914.HK
Specialty Retail,0915.HK
Utilities—Renewable,0916.HK
Apparel Manufacturing,0918.HK
Personal Services,0919.HK
"Furnishings, Fixtures & Appliances",0921.HK
Personal Services,0922.HK
Waste Management,0923.HK
Engineering & Construction,0924.HK
Conglomerates,0925.HK
Packaged Foods,0926.HK
Consumer Electronics,0927.HK
Diagnostics & Research,0928.HK
Metal Fabrication,0929.HK
Oil & Gas Refining & Marketing,0931.HK
Packaged Foods,0932.HK
Apparel Manufacturing,0933.HK
Oil & Gas Midstream,0934.HK
Rental & Leasing Services,0936.HK
Real Estate Services,0938.HK
Banks—Diversified,0939.HK
Telecom Services,0941.HK
Household & Personal Products,0943.HK
Insurance—Life,0945.HK
Communication Equipment,0947.HK
Packaged Foods,0948.HK
Drug Manufacturers—Specialty & Generic,0950.HK
Auto Parts,0951.HK
Capital Markets,0952.HK
Entertainment,0953.HK
Chemicals,0954.HK
Utilities—Diversified,0956.HK
Gambling,0959.HK
Real Estate—Development,0960.HK
Insurance—Life,0966.HK
Solar,0968.HK
Confectioners,0969.HK
Auto & Truck Dealerships,0970.HK
Household & Personal Products,0973.HK
Grocery Stores,0974.HK
Coking Coal,0975.HK
Metal Fabrication,0976.HK
Real Estate—Diversified,0978.HK
Waste Management,0979.HK
Department Stores,0980.HK
Semiconductors,0981.HK
Real Estate Services,0982.HK
Real Estate—Development,0983.HK
Department Stores,0984.HK
Coking Coal,0985.HK
Luxury Goods,0986.HK
Utilities—Renewable,0987.HK
Capital Markets,0988.HK
Real Estate—Development,0989.HK
Steel,0990.HK
Utilities—Independent Power Producers,0991.HK
Computer Hardware,0992.HK
Asset Management,0993.HK
Engineering & Construction,0994.HK
Infrastructure Operations,0995.HK
Real Estate—Development,0996.HK
Electronics & Computer Distribution,0997.HK
Banks—Regional,0998.HK
Specialty Chemicals,1000.HK
Industrial Distribution,1001.HK
Specialty Chemicals,1002.HK
Entertainment,1003.HK
Capital Markets,1004.HK
Leisure,1005.HK
Restaurants,1007.HK
Packaging & Containers,1008.HK
Real Estate Services,1009.HK
Airports & Air Services,1010.HK
Drug Manufacturers—Specialty & Generic,1011.HK
Electronics & Computer Distribution,1013.HK
Internet Retail,1020.HK
Electronic Gaming & Multimedia,1022.HK
Footwear & Accessories,1023.HK
Internet Content & Information,1024.HK
Apparel Manufacturing,1025.HK
Utilities—Regulated Water,1026.HK
Footwear & Accessories,1027.HK
Footwear & Accessories,1028.HK
Other Industrial Metals & Mining,1029.HK
Real Estate—Development,1030.HK
Oil & Gas Drilling,1033.HK
Engineering & Construction,1034.HK
Real Estate Services,1036.HK
Information Technology Services,1037.HK
Utilities—Regulated Electric,1038.HK
Internet Retail,1039.HK
Household & Personal Products,1044.HK
Telecom Services,1045.HK
Entertainment,1046.HK
Specialty Chemicals,1047.HK
Department Stores,1049.HK
Metal Fabrication,1050.HK
Asset Management,1051.HK
Infrastructure Operations,1052.HK
Steel,1053.HK
Airlines,1055.HK
Auto Parts,1057.HK
Footwear & Accessories,1058.HK
Information Technology Services,1059.HK
Entertainment,1060.HK
Drug Manufacturers—Specialty & Generic,1061.HK
Conglomerates,1063.HK
Real Estate—Development,1064.HK
Waste Management,1065.HK
Medical Instruments & Supplies,1066.HK
Packaged Foods,1068.HK
Lumber & Wood Production,1069.HK
Consumer Electronics,1070.HK
Utilities—Regulated Electric,1071.HK
Specialty Industrial Machinery,1072.HK
Capital Markets,1073.HK
Information Technology Services,1075.HK
Resorts & Casinos,1076.HK
Computer Hardware,1079.HK
Oil & Gas Equipment & Services,1080.HK
Education & Training Services,1082.HK
Utilities—Regulated Gas,1083.HK
Farm Products,1084.HK
Communication Equipment,1085.HK
Leisure,1086.HK
Communication Equipment,1087.HK
Thermal Coal,1088.HK
Steel,1090.HK
Other Industrial Metals & Mining,1091.HK
Drug Manufacturers—General,1093.HK
Conglomerates,1094.HK
Entertainment,1097.HK
Residential Construction,1098.HK
Medical Distribution,1099.HK
Footwear & Accessories,1100.HK
Oil & Gas E&P,1101.HK
Building Materials,1102.HK
Agricultural Inputs,1103.HK
Capital Markets,1104.HK
Publishing,1105.HK
Real Estate—Development,1107.HK
Building Products & Equipment,1108.HK
Real Estate—Development,1109.HK
Pharmaceutical Retailers,1110.HK
Packaged Foods,1112.HK
Real Estate—Development,1113.HK
Auto Manufacturers,1114.HK
Beverages—Non-Alcoholic,1115.HK
Steel,1116.HK
Farm Products,1117.HK
Steel,1118.HK
Electronic Gaming & Multimedia,1119.HK
Medical Instruments & Supplies,1120.HK
Footwear & Accessories,1121.HK
Farm & Heavy Construction Machinery,1122.HK
Leisure,1123.HK
Real Estate—Development,1124.HK
Real Estate—Development,1125.HK
Leisure,1126.HK
Specialty Business Services,1127.HK
Resorts & Casinos,1128.HK
Utilities—Regulated Water,1129.HK
Auto & Truck Dealerships,1130.HK
Entertainment,1132.HK
Specialty Industrial Machinery,1133.HK
Medical Instruments & Supplies,1134.HK
Internet Retail,1137.HK
Marine Shipping,1138.HK
Asset Management,1140.HK
Capital Markets,1141.HK
Oil & Gas Refining & Marketing,1142.HK
Consumer Electronics,1143.HK
Marine Shipping,1145.HK
Apparel Manufacturing,1146.HK
Information Technology Services,1147.HK
Auto Parts,1148.HK
Luxury Goods,1150.HK
Food Distribution,1152.HK
Real Estate Services,1153.HK
Oil & Gas Equipment & Services,1156.HK
Farm & Heavy Construction Machinery,1157.HK
Entertainment,1159.HK
Asset Management,1160.HK
Personal Services,1161.HK
Security & Protection Services,1162.HK
Advertising Agencies,1163.HK
Uranium,1164.HK
Utilities—Renewable,1165.HK
Electrical Equipment & Parts,1166.HK
Biotechnology,1167.HK
Real Estate—Diversified,1168.HK
Footwear & Accessories,1170.HK
Thermal Coal,1171.HK
Specialty Business Services,1172.HK
Household & Personal Products,1173.HK
Real Estate—Development,1176.HK
Biotechnology,1177.HK
Lodging,1179.HK
Resorts & Casinos,1180.HK
Restaurants,1181.HK
Specialty Business Services,1182.HK
Engineering & Construction,1183.HK
Electronics & Computer Distribution,1184.HK
Utilities—Renewable,1185.HK
Engineering & Construction,1186.HK
Auto Parts,1188.HK
Lodging,1189.HK
Aerospace & Defense,1192.HK
Utilities—Regulated Gas,1193.HK
Gold,1194.HK
Real Estate—Diversified,1195.HK
Waste Management,1196.HK
"Furnishings, Fixtures & Appliances",1198.HK
Marine Shipping,1199.HK
Real Estate Services,1200.HK
Real Estate—Development,1201.HK
Communication Equipment,1202.HK
Steel,1203.HK
Information Technology Services,1204.HK
Other Industrial Metals & Mining,1205.HK
Electronic Components,1206.HK
Real Estate—Development,1207.HK
Copper,1208.HK
Real Estate Services,1209.HK
Grocery Stores,1210.HK
Auto Manufacturers,1211.HK
Electronics & Computer Distribution,1213.HK
Lodging,1215.HK
Banks—Regional,1216.HK
Asset Management,1217.HK
Real Estate—Development,1218.HK
Aluminum,1220.HK
Lodging,1221.HK
Conglomerates,1222.HK
Apparel Retail,1223.HK
Real Estate—Development,1224.HK
Capital Markets,1225.HK
Asset Management,1226.HK
Biotechnology,1228.HK
Thermal Coal,1229.HK
Packaged Foods,1230.HK
Steel,1231.HK
Real Estate—Development,1232.HK
Real Estate—Development,1233.HK
Apparel Manufacturing,1234.HK
Travel Services,1235.HK
"Furnishings, Fixtures & Appliances",1237.HK
Real Estate—Development,1238.HK
Packaging & Containers,1239.HK
Real Estate—Diversified,1240.HK
Auto Parts,1241.HK
Real Estate—Development,1243.HK
Biotechnology,1244.HK
Resorts & Casinos,1245.HK
Real Estate—Development,1246.HK
Apparel Manufacturing,1247.HK
Utilities—Renewable,1250.HK
Oil & Gas Integrated,1251.HK
Building Materials,1252.HK
Engineering & Construction,1253.HK
Footwear & Accessories,1255.HK
Utilities—Renewable,1257.HK
Copper,1258.HK
Household & Personal Products,1259.HK
Specialty Business Services,1260.HK
Packaged Foods,1262.HK
Computer Hardware,1263.HK
Utilities—Regulated Gas,1265.HK
Steel,1266.HK
Auto & Truck Dealerships,1268.HK
Auto Parts,1269.HK
Lodging,1270.HK
Engineering & Construction,1271.HK
Waste Management,1272.HK
Mortgage Finance,1273.HK
Thermal Coal,1277.HK
Real Estate—Development,1278.HK
Specialty Retail,1280.HK
Utilities—Independent Power Producers,1281.HK
Real Estate—Diversified,1282.HK
Engineering & Construction,1283.HK
Packaged Foods,1285.HK
Specialty Industrial Machinery,1286.HK
Banks—Diversified,1288.HK
Specialty Industrial Machinery,1289.HK
Mortgage Finance,1290.HK
Integrated Freight & Logistics,1292.HK
Auto & Truck Dealerships,1293.HK
Software—Application,1297.HK
Scientific & Technical Instruments,1298.HK
Insurance—Life,1299.HK
Communication Equipment,1300.HK
Engineering & Construction,1301.HK
Medical Devices,1302.HK
Thermal Coal,1303.HK
Electronic Components,1305.HK
Marine Shipping,1308.HK
Telecom Services,1310.HK
Drug Manufacturers—Specialty & Generic,1312.HK
Building Materials,1313.HK
Restaurants,1314.HK
Engineering & Construction,1315.HK
Auto Parts,1316.HK
Education & Training Services,1317.HK
Mortgage Finance,1319.HK
Real Estate—Development,1321.HK
Household & Personal Products,1323.HK
Entertainment,1326.HK
Luxury Goods,1327.HK
Asset Management,1328.HK
Real Estate—Diversified,1329.HK
Waste Management,1330.HK
Packaging & Containers,1332.HK
Utilities—Renewable,1335.HK
Insurance—Life,1336.HK
Household & Personal Products,1338.HK
Insurance—Property & Casualty,1339.HK
Packaged Foods,1340.HK
Rental & Leasing Services,1341.HK
Engineering & Construction,1343.HK
Pharmaceutical Retailers,1345.HK
Apparel Manufacturing,1346.HK
Semiconductors,1347.HK
Leisure,1348.HK
Drug Manufacturers—Specialty & Generic,1349.HK
Advertising Agencies,1351.HK
Lodging,1355.HK
Internet Content & Information,1357.HK
Medical Instruments & Supplies,1358.HK
Asset Management,1359.HK
Specialty Business Services,1360.HK
Footwear & Accessories,1361.HK
Electronics & Computer Distribution,1362.HK
Electrical Equipment & Parts,1366.HK
Apparel Retail,1368.HK
Steel,1370.HK
Gambling,1371.HK
Engineering & Construction,1372.HK
"Furnishings, Fixtures & Appliances",1373.HK
Capital Markets,1375.HK
Consulting Services,1376.HK
Aluminum,1378.HK
Real Estate Services,1379.HK
Other Industrial Metals & Mining,1380.HK
Waste Management,1381.HK
Textile Manufacturing,1382.HK
Real Estate—Diversified,1383.HK
Semiconductors,1385.HK
Real Estate Services,1387.HK
Apparel Manufacturing,1388.HK
Beverages—Wineries & Distilleries,1389.HK
Thermal Coal,1393.HK
Waste Management,1395.HK
Real Estate—Development,1396.HK
Waste Management,1397.HK
Banks—Diversified,1398.HK
Electrical Equipment & Parts,1399.HK
Textile Manufacturing,1400.HK
Consumer Electronics,1401.HK
Information Technology Services,1402.HK
Restaurants,1405.HK
Medical Instruments & Supplies,1406.HK
Utilities—Regulated Gas,1407.HK
Engineering & Construction,1408.HK
Software—Infrastructure,1410.HK
Paper & Paper Products,1412.HK
Engineering & Construction,1413.HK
Electronic Components,1415.HK
Engineering & Construction,1416.HK
Real Estate Services,1417.HK
"Furnishings, Fixtures & Appliances",1418.HK
Medical Care Facilities,1419.HK
Engineering & Construction,1420.HK
Solar,1421.HK
Apparel Manufacturing,1425.HK
REIT—Diversified,1426.HK
Real Estate—Diversified,1427.HK
Capital Markets,1428.HK
Engineering & Construction,1429.HK
Farm Products,1431.HK
Farm Products,1432.HK
Apparel Manufacturing,1433.HK
Packaging & Containers,1439.HK
Specialty Chemicals,1440.HK
Integrated Freight & Logistics,1442.HK
Restaurants,1443.HK
Beverages—Non-Alcoholic,1446.HK
Engineering & Construction,1447.HK
Personal Services,1448.HK
Education & Training Services,1449.HK
Software—Application,1450.HK
Packaging & Containers,1451.HK
Pollution & Treatment Controls,1452.HK
Household & Personal Products,1455.HK
Capital Markets,1456.HK
Packaged Foods,1458.HK
Engineering & Construction,1459.HK
Information Technology Services,1460.HK
Capital Markets,1461.HK
Specialty Business Services,1463.HK
Luxury Goods,1466.HK
Conglomerates,1468.HK
Capital Markets,1469.HK
Luxury Goods,1470.HK
Engineering & Construction,1472.HK
Communication Equipment,1473.HK
Packaged Foods,1475.HK
Capital Markets,1476.HK
Biotechnology,1477.HK
Electronic Components,1478.HK
Electronic Components,1480.HK
Publishing,1481.HK
Waste Management,1483.HK
Engineering & Construction,1486.HK
Restaurants,1488.HK
Engineering & Construction,1489.HK
Advertising Agencies,1490.HK
Engineering & Construction,1495.HK
Rental & Leasing Services,1496.HK
Drug Manufacturers—Specialty & Generic,1498.HK
Engineering & Construction,1499.HK
Engineering & Construction,1500.HK
Medical Instruments & Supplies,1501.HK
Real Estate Services,1502.HK
REIT—Office,1503.HK
Insurance—Reinsurance,1508.HK
Drug Manufacturers—Specialty & Generic,1513.HK
Medical Care Facilities,1515.HK
Real Estate Services,1516.HK
Medical Care Facilities,1518.HK
Apparel Manufacturing,1520.HK
Biotechnology,1521.HK
Information Technology Services,1522.HK
Communication Equipment,1523.HK
Education & Training Services,1525.HK
Medical Care Facilities,1526.HK
Pollution & Treatment Controls,1527.HK
Real Estate Services,1528.HK
Integrated Freight & Logistics,1529.HK
Biotechnology,1530.HK
Apparel Manufacturing,1532.HK
Specialty Industrial Machinery,1536.HK
Real Estate Services,1538.HK
Electrical Equipment & Parts,1539.HK
Specialty Business Services,1540.HK
Utilities—Regulated Water,1542.HK
Credit Services,1543.HK
Specialty Retail,1545.HK
Engineering & Construction,1546.HK
Engineering & Construction,1547.HK
Biotechnology,1548.HK
Marine Shipping,1549.HK
Banks—Regional,1551.HK
Steel,1553.HK
Oil & Gas E&P,1555.HK
Engineering & Construction,1556.HK
Engineering & Construction,1557.HK
Drug Manufacturers—Specialty & Generic,1558.HK
Engineering & Construction,1559.HK
Real Estate—Development,1560.HK
Specialty Chemicals,1561.HK
Education & Training Services,1563.HK
Education & Training Services,1565.HK
Entertainment,1566.HK
Consulting Services,1568.HK
Education & Training Services,1569.HK
Real Estate—Development,1570.HK
Auto Parts,1571.HK
Credit Services,1572.HK
"Furnishings, Fixtures & Appliances",1575.HK
Infrastructure Operations,1576.HK
Credit Services,1577.HK
Banks—Regional,1578.HK
Packaged Foods,1579.HK
Lumber & Wood Production,1580.HK
Rental & Leasing Services,1581.HK
Engineering & Construction,1582.HK
Packaged Foods,1583.HK
Auto Manufacturers,1585.HK
Specialty Business Services,1586.HK
Food Distribution,1587.HK
Software—Application,1588.HK
Engineering & Construction,1591.HK
Building Products & Equipment,1592.HK
Education & Training Services,1593.HK
Railroads,1596.HK
Specialty Industrial Machinery,1597.HK
Education & Training Services,1598.HK
Engineering & Construction,1599.HK
Utilities—Regulated Gas,1600.HK
Credit Services,1601.HK
Credit Services,1606.HK
Electrical Equipment & Parts,1608.HK
Engineering & Construction,1609.HK
Packaged Foods,1610.HK
Software—Infrastructure,1611.HK
Medical Devices,1612.HK
Communication Equipment,1613.HK
Engineering & Construction,1615.HK
Entertainment,1616.HK
Communication Equipment,1617.HK
Engineering & Construction,1618.HK
Travel Services,1620.HK
Oil & Gas Refining & Marketing,1621.HK
Real Estate—Development,1622.HK
Oil & Gas Equipment & Services,1623.HK
Packaging & Containers,1626.HK
Engineering & Construction,1627.HK
Real Estate—Development,1628.HK
Packaging & Containers,1629.HK
Engineering & Construction,1630.HK
Specialty Business Services,1631.HK
Electronics & Computer Distribution,1632.HK
Engineering & Construction,1633.HK
Utilities—Regulated Gas,1635.HK
Copper,1636.HK
Engineering & Construction,1637.HK
Real Estate—Development,1638.HK
Advertising Agencies,1640.HK
Drug Manufacturers—General,1643.HK
Specialty Industrial Machinery,1645.HK
Engineering & Construction,1647.HK
Consulting Services,1650.HK
Tools & Accessories,1651.HK
Drug Manufacturers—Specialty & Generic,1652.HK
Building Products & Equipment,1653.HK
Gambling,1655.HK
Engineering & Construction,1656.HK
Apparel Retail,1657.HK
Banks—Regional,1658.HK
Industrial Distribution,1660.HK
Entertainment,1661.HK
Engineering & Construction,1662.HK
Real Estate Services,1663.HK
Specialty Industrial Machinery,1665.HK
Drug Manufacturers—General,1666.HK
Real Estate—Development,1668.HK
Credit Services,1669.HK
Utilities—Independent Power Producers,1671.HK
Biotechnology,1672.HK
Specialty Industrial Machinery,1673.HK
Software—Application,1675.HK
Packaged Foods,1676.HK
Semiconductors,1679.HK
Resorts & Casinos,1680.HK
Drug Manufacturers—Specialty & Generic,1681.HK
Apparel Manufacturing,1682.HK
Engineering & Construction,1683.HK
Industrial Distribution,1685.HK
Real Estate Services,1686.HK
Packaging & Containers,1689.HK
"Furnishings, Fixtures & Appliances",1691.HK
Consumer Electronics,1692.HK
Engineering & Construction,1693.HK
Packaged Foods,1695.HK
Medical Devices,1696.HK
Asset Management,1697.HK
Internet Content & Information,1698.HK
Farm Products,1699.HK
Travel Services,1701.HK
Chemicals,1702.HK
Restaurants,1703.HK
Food Distribution,1705.HK
Engineering & Construction,1707.HK
Communication Equipment,1708.HK
Textile Manufacturing,1709.HK
Electrical Equipment & Parts,1710.HK
Specialty Retail,1711.HK
Gold,1712.HK
Utilities—Renewable,1713.HK
"Furnishings, Fixtures & Appliances",1715.HK
Advertising Agencies,1716.HK
Packaged Foods,1717.HK
Engineering & Construction,1718.HK
Marine Shipping,1719.HK
Communication Equipment,1720.HK
Metal Fabrication,1721.HK
Engineering & Construction,1722.HK
Telecom Services,1723.HK
Aerospace & Defense,1725.HK
Engineering & Construction,1726.HK
Engineering & Construction,1727.HK
Auto & Truck Dealerships,1728.HK
Electrical Equipment & Parts,1729.HK
Real Estate Services,1730.HK
Footwear & Accessories,1731.HK
Integrated Freight & Logistics,1732.HK
Thermal Coal,1733.HK
Engineering & Construction,1735.HK
Advertising Agencies,1736.HK
Integrated Freight & Logistics,1737.HK
Thermal Coal,1738.HK
Internet Content & Information,1739.HK
Entertainment,1740.HK
Engineering & Construction,1741.HK
Engineering & Construction,1742.HK
Travel Services,1745.HK
Engineering & Construction,1746.HK
Consumer Electronics,1747.HK
Marine Shipping,1748.HK
Apparel Manufacturing,1749.HK
Electrical Equipment & Parts,1750.HK
Engineering & Construction,1751.HK
Education & Training Services,1752.HK
Advertising Agencies,1753.HK
Real Estate Services,1755.HK
Education & Training Services,1756.HK
Engineering & Construction,1757.HK
Education & Training Services,1758.HK
Specialty Retail,1759.HK
Auto Parts,1760.HK
Internet Content & Information,1761.HK
Advertising Agencies,1762.HK
Medical Devices,1763.HK
Education & Training Services,1765.HK
Railroads,1766.HK
Packaged Foods,1767.HK
Education & Training Services,1769.HK
Auto & Truck Dealerships,1771.HK
Chemicals,1772.HK
Education & Training Services,1773.HK
Education & Training Services,1775.HK
Capital Markets,1776.HK
Real Estate—Development,1777.HK
Real Estate Services,1778.HK
Engineering & Construction,1780.HK
Software—Application,1782.HK
Engineering & Construction,1783.HK
Infrastructure Operations,1785.HK
Railroads,1786.HK
Gold,1787.HK
Capital Markets,1788.HK
Medical Devices,1789.HK
Waste Management,1790.HK
Electronic Gaming & Multimedia,1792.HK
Engineering & Construction,1793.HK
Textile Manufacturing,1795.HK
Building Products & Equipment,1796.HK
Education & Training Services,1797.HK
Utilities—Renewable,1798.HK
Solar,1799.HK
Engineering & Construction,1800.HK
Biotechnology,1801.HK
Engineering & Construction,1802.HK
Leisure,1803.HK
Software—Application,1808.HK
Auto Parts,1809.HK
Consumer Electronics,1810.HK
Utilities—Independent Power Producers,1811.HK
Paper & Paper Products,1812.HK
Real Estate—Development,1813.HK
Luxury Goods,1815.HK
Utilities—Independent Power Producers,1816.HK
Apparel Retail,1817.HK
Gold,1818.HK
Packaging & Containers,1820.HK
Real Estate Services,1821.HK
Lumber & Wood Production,1822.HK
Infrastructure Operations,1823.HK
Apparel Manufacturing,1825.HK
Engineering & Construction,1826.HK
Personal Services,1827.HK
Personal Services,1830.HK
Advertising Agencies,1831.HK
Lodging,1832.HK
Health Information Services,1833.HK
Asset Management,1835.HK
Footwear & Accessories,1836.HK
Packaged Foods,1837.HK
Real Estate—Development,1838.HK
Farm & Heavy Construction Machinery,1839.HK
Specialty Business Services,1841.HK
Footwear & Accessories,1842.HK
Restaurants,1843.HK
Waste Management,1845.HK
Medical Care Facilities,1846.HK
Building Materials,1847.HK
Rental & Leasing Services,1848.HK
Advertising Agencies,1849.HK
Security & Protection Services,1850.HK
Education & Training Services,1851.HK
Utilities—Independent Power Producers,1853.HK
Food Distribution,1854.HK
Engineering & Construction,1855.HK
Luxury Goods,1856.HK
Utilities—Regulated Water,1857.HK
Medical Devices,1858.HK
Entertainment,1859.HK
Advertising Agencies,1860.HK
Specialty Retail,1861.HK
Real Estate—Development,1862.HK
Engineering & Construction,1865.HK
Agricultural Inputs,1866.HK
Consulting Services,1867.HK
Electrical Equipment & Parts,1868.HK
Restaurants,1869.HK
Engineering & Construction,1870.HK
Education & Training Services,1871.HK
Auto & Truck Dealerships,1872.HK
Biotechnology,1873.HK
Biotechnology,1875.HK
Beverages—Brewers,1876.HK
Biotechnology,1877.HK
Thermal Coal,1878.HK
Specialty Retail,1880.HK
REIT—Hotel & Motel,1881.HK
Specialty Industrial Machinery,1882.HK
Telecom Services,1883.HK
Specialty Business Services,1884.HK
Electronic Components,1888.HK
Drug Manufacturers—Specialty & Generic,1889.HK
Education & Training Services,1890.HK
Metal Fabrication,1891.HK
Steel,1894.HK
Real Estate Services,1895.HK
Internet Content & Information,1896.HK
Building Products & Equipment,1897.HK
Thermal Coal,1898.HK
Auto Parts,1899.HK
Information Technology Services,1900.HK
Travel Services,1901.HK
Residential Construction,1902.HK
Engineering & Construction,1903.HK
Credit Services,1905.HK
Apparel Manufacturing,1906.HK
Chemicals,1907.HK
Real Estate—Development,1908.HK
Electronic Gaming & Multimedia,1909.HK
Footwear & Accessories,1910.HK
Capital Markets,1911.HK
Semiconductors,1912.HK
Luxury Goods,1913.HK
Credit Services,1915.HK
Banks—Regional,1916.HK
Advertising Agencies,1917.HK
Real Estate—Development,1918.HK
Marine Shipping,1919.HK
Engineering & Construction,1920.HK
Oil & Gas Equipment & Services,1921.HK
Real Estate Services,1922.HK
Household & Personal Products,1925.HK
Confectioners,1927.HK
Resorts & Casinos,1928.HK
Luxury Goods,1929.HK
Auto Parts,1930.HK
Medical Distribution,1931.HK
Specialty Chemicals,1932.HK
Software—Application,1933.HK
Education & Training Services,1935.HK
Farm Products,1936.HK
Building Products & Equipment,1937.HK
Steel,1938.HK
Specialty Retail,1939.HK
Utilities—Regulated Gas,1940.HK
Real Estate Services,1941.HK
Medical Instruments & Supplies,1942.HK
Building Materials,1943.HK
Financial Conglomerates,1945.HK
Medical Instruments & Supplies,1947.HK
Advertising Agencies,1948.HK
Information Technology Services,1949.HK
Specialty Chemicals,1950.HK
Medical Care Facilities,1951.HK
Biotechnology,1952.HK
Engineering & Construction,1953.HK
Specialty Business Services,1955.HK
Apparel Manufacturing,1957.HK
Auto Manufacturers,1958.HK
Auto & Truck Dealerships,1959.HK
Engineering & Construction,1960.HK
Electronic Gaming & Multimedia,1961.HK
Household & Personal Products,1962.HK
Banks—Regional,1963.HK
Real Estate—Diversified,1965.HK
Real Estate—Development,1966.HK
Semiconductors,1967.HK
Textile Manufacturing,1968.HK
Education & Training Services,1969.HK
Entertainment,1970.HK
Real Estate Services,1971.HK
Real Estate Services,1972.HK
Specialty Business Services,1975.HK
Engineering & Construction,1977.HK
Restaurants,1978.HK
Electrical Equipment & Parts,1979.HK
Internet Content & Information,1980.HK
Entertainment,1981.HK
Apparel Manufacturing,1982.HK
Banks—Regional,1983.HK
Information Technology Services,1985.HK
Specialty Chemicals,1986.HK
Engineering & Construction,1987.HK
Banks—Regional,1988.HK
Medical Care Facilities,1989.HK
Auto Parts,1991.HK
Travel Services,1992.HK
Advertising Agencies,1993.HK
Real Estate Services,1995.HK
Real Estate—Development,1996.HK
Real Estate Services,1997.HK
"Furnishings, Fixtures & Appliances",1999.HK
Communication Equipment,2000.HK
Education & Training Services,2001.HK
Paper & Paper Products,2002.HK
Credit Services,2003.HK
Drug Manufacturers—Specialty & Generic,2005.HK
Real Estate—Development,2007.HK
Internet Content & Information,2008.HK
Building Materials,2009.HK
Apparel Manufacturing,2011.HK
Oil & Gas E&P,2012.HK
Software—Application,2013.HK
Auto Manufacturers,2015.HK
Banks—Regional,2016.HK
Engineering & Construction,2017.HK
Communication Equipment,2018.HK
Real Estate—Development,2019.HK
Leisure,2020.HK
Electronic Gaming & Multimedia,2022.HK
Household & Personal Products,2023.HK
Auto Parts,2025.HK
Computer Hardware,2028.HK
Apparel Manufacturing,2030.HK
Household & Personal Products,2031.HK
Footwear & Accessories,2033.HK
Communication Equipment,2038.HK
Metal Fabrication,2039.HK
Real Estate Services,2048.HK
Credit Services,2051.HK
Integrated Freight & Logistics,2057.HK
Metal Fabrication,2060.HK
Banks—Regional,2066.HK
Engineering & Construction,2068.HK
Staffing & Employment Services,2076.HK
Aluminum,2078.HK
Real Estate Services,2080.HK
Security & Protection Services,2086.HK
Real Estate—Development,2088.HK
Drug Manufacturers—Specialty & Generic,2096.HK
Industrial Distribution,2098.HK
Other Precious Metals & Mining,2099.HK
Electronic Gaming & Multimedia,2100.HK
Internet Retail,2101.HK
Farm & Heavy Construction Machinery,2102.HK
Biotechnology,2105.HK
Real Estate Services,2107.HK
Engineering & Construction,2110.HK
Textile Manufacturing,2111.HK
Steel,2112.HK
Engineering & Construction,2113.HK
Building Products & Equipment,2115.HK
Specialty Chemicals,2116.HK
Real Estate—Development,2117.HK
Real Estate—Development,2118.HK
Beverages—Non-Alcoholic,2119.HK
Medical Care Facilities,2120.HK
Software—Infrastructure,2121.HK
Specialty Retail,2122.HK
Entertainment,2125.HK
Biotechnology,2126.HK
"Furnishings, Fixtures & Appliances",2127.HK
Building Products & Equipment,2128.HK
Trucking,2129.HK
Integrated Freight & Logistics,2130.HK
Advertising Agencies,2131.HK
Engineering & Construction,2132.HK
Medical Care Facilities,2135.HK
Department Stores,2136.HK
Biotechnology,2137.HK
Household & Personal Products,2138.HK
Banks—Regional,2139.HK
Biotechnology,2142.HK
Household & Personal Products,2145.HK
Real Estate Services,2146.HK
Packaged Foods,2147.HK
Internet Retail,2148.HK
Restaurants,2150.HK
Real Estate Services,2152.HK
Farm & Heavy Construction Machinery,2153.HK
Specialty Industrial Machinery,2155.HK
Real Estate Services,2156.HK
Biotechnology,2157.HK
Health Information Services,2158.HK
Health Information Services,2159.HK
Medical Devices,2160.HK
Drug Manufacturers—Specialty & Generic,2161.HK
Biotechnology,2162.HK
Engineering & Construction,2163.HK
Real Estate Services,2165.HK
Electronics & Computer Distribution,2166.HK
Software—Infrastructure,2167.HK
Real Estate Services,2168.HK
Railroads,2169.HK
Medical Devices,2170.HK
Biotechnology,2171.HK
Medical Devices,2172.HK
Education & Training Services,2175.HK
Information Technology Services,2176.HK
Household & Personal Products,2177.HK
Oil & Gas Equipment & Services,2178.HK
Biotechnology,2179.HK
Staffing & Employment Services,2180.HK
Biotechnology,2181.HK
Real Estate—Development,2183.HK
Biotechnology,2185.HK
Drug Manufacturers—General,2186.HK
Building Materials,2187.HK
Electrical Equipment & Parts,2188.HK
Medical Care Facilities,2189.HK
Medical Devices,2190.HK
Medical Distribution,2192.HK
Engineering & Construction,2193.HK
Engineering & Construction,2195.HK
Drug Manufacturers—Specialty & Generic,2196.HK
Biotechnology,2197.HK
Chemicals,2198.HK
Apparel Manufacturing,2199.HK
Real Estate—Development,2202.HK
Semiconductors,2203.HK
Real Estate Services,2205.HK
Real Estate Services,2207.HK
Specialty Industrial Machinery,2208.HK
Internet Retail,2209.HK
Real Estate Services,2210.HK
Pharmaceutical Retailers,2211.HK
Building Materials,2212.HK
Real Estate Services,2215.HK
Medical Devices,2216.HK
Restaurants,2217.HK
Beverages—Non-Alcoholic,2218.HK
Medical Care Facilities,2219.HK
Engineering & Construction,2221.HK
"Furnishings, Fixtures & Appliances",2222.HK
Textile Manufacturing,2223.HK
Staffing & Employment Services,2225.HK
Packaged Foods,2226.HK
Engineering & Construction,2227.HK
Entertainment,2230.HK
Real Estate—Development,2231.HK
Apparel Manufacturing,2232.HK
Building Materials,2233.HK
Medical Devices,2235.HK
Engineering & Construction,2236.HK
Other Industrial Metals & Mining,2237.HK
Auto Manufacturers,2238.HK
Security & Protection Services,2239.HK
Other Industrial Metals & Mining,2245.HK
Software—Application,2246.HK
Specialty Business Services,2250.HK
Health Information Services,2251.HK
Medical Devices,2252.HK
Leisure,2255.HK
Biotechnology,2256.HK
Biotechnology,2257.HK
Infrastructure Operations,2258.HK
Paper & Paper Products,2260.HK
Engineering & Construction,2262.HK
Capital Markets,2263.HK
Waste Management,2265.HK
Engineering & Construction,2266.HK
Biotechnology,2269.HK
Real Estate Services,2270.HK
Medical Care Facilities,2273.HK
Medical Instruments & Supplies,2276.HK
Real Estate Services,2278.HK
Medical Care Facilities,2279.HK
Information Technology Services,2280.HK
Utilities—Regulated Water,2281.HK
Resorts & Casinos,2282.HK
Specialty Chemicals,2283.HK
Specialty Industrial Machinery,2285.HK
Real Estate—Development,2286.HK
Real Estate—Development,2288.HK
Medical Distribution,2289.HK
Medical Devices,2291.HK
Real Estate Services,2292.HK
Medical Care Facilities,2293.HK
Engineering & Construction,2295.HK
Engineering & Construction,2296.HK
Medical Devices,2297.HK
Apparel Manufacturing,2298.HK
Textile Manufacturing,2299.HK
Electronics & Computer Distribution,2302.HK
Entertainment,2306.HK
Textile Manufacturing,2307.HK
Entertainment,2309.HK
Real Estate Services,2310.HK
Asset Management,2312.HK
Textile Manufacturing,2313.HK
Paper & Paper Products,2314.HK
Biotechnology,2315.HK
Packaged Foods,2317.HK
Insurance—Life,2318.HK
Packaged Foods,2319.HK
Packaging & Containers,2320.HK
Grocery Stores,2321.HK
Conglomerates,2322.HK
Electronic Components,2323.HK
Capital Markets,2324.HK
Diagnostics & Research,2325.HK
Other Industrial Metals & Mining,2326.HK
Conglomerates,2327.HK
Insurance—Property & Casualty,2328.HK
Real Estate—Development,2329.HK
Real Estate—Diversified,2330.HK
Leisure,2331.HK
Auto Manufacturers,2333.HK
Semiconductor Equipment & Materials,2336.HK
Oil & Gas Refining & Marketing,2337.HK
Specialty Industrial Machinery,2338.HK
Auto Parts,2339.HK
Real Estate Services,2340.HK
Chemicals,2341.HK
Communication Equipment,2342.HK
Marine Shipping,2343.HK
Electronic Components,2346.HK
Specialty Retail,2347.HK
Drug Manufacturers—Specialty & Generic,2348.HK
Real Estate—Diversified,2349.HK
Information Technology Services,2350.HK
Real Estate Services,2352.HK
Engineering & Construction,2355.HK
Banks—Regional,2356.HK
Aerospace & Defense,2357.HK
Consumer Electronics,2358.HK
Diagnostics & Research,2359.HK
Discount Stores,2360.HK
Health Information Services,2361.HK
Copper,2362.HK
Electronic Components,2363.HK
Household & Personal Products,2367.HK
Apparel Manufacturing,2368.HK
Consumer Electronics,2369.HK
Real Estate Services,2370.HK
Education & Training Services,2371.HK
Tobacco,2372.HK
Medical Care Facilities,2373.HK
Real Estate Services,2376.HK
Pollution & Treatment Controls,2377.HK
Insurance—Life,2378.HK
Real Estate—Diversified,2379.HK
Utilities—Regulated Electric,2380.HK
"Furnishings, Fixtures & Appliances",2381.HK
Electronic Components,2382.HK
Publishing,2383.HK
Education & Training Services,2385.HK
Engineering & Construction,2386.HK
Banks—Regional,2388.HK
Medical Care Facilities,2389.HK
Internet Content & Information,2390.HK
Software—Infrastructure,2391.HK
Software—Application,2392.HK
Medical Devices,2393.HK
Apparel Manufacturing,2399.HK
Electronic Gaming & Multimedia,2400.HK
Auto Parts,2402.HK
Advertising Agencies,2405.HK
Medical Devices,2407.HK
Marine Shipping,2409.HK
Specialty Retail,2411.HK
Health Information Services,2415.HK
Information Technology Services,2416.HK
Auto & Truck Dealerships,2418.HK
Internet Retail,2420.HK
Real Estate—Development,2421.HK
Advertising Agencies,2422.HK
Real Estate Services,2423.HK
Farm Products,2425.HK
Diagnostics & Research,2427.HK
Engineering & Construction,2433.HK
Specialty Chemicals,2439.HK
Telecom Services,2440.HK
Security & Protection Services,2442.HK
Engineering & Construction,2448.HK
Building Materials,2450.HK
Real Estate Services,2455.HK
Auto Parts,2457.HK
Electronic Gaming & Multimedia,2458.HK
Steel,2459.HK
Education & Training Services,2469.HK
Biotechnology,2480.HK
Integrated Freight & Logistics,2482.HK
Advertising Agencies,2486.HK
Biotechnology,2487.HK
Auto Parts,2488.HK
Medical Devices,2500.HK
Internet Content & Information,2518.HK
Apparel Retail,2528.HK
Drug Manufacturers—Specialty & Generic,2552.HK
Banks—Regional,2558.HK
Rental & Leasing Services,2588.HK
Real Estate—Development,2599.HK
Aluminum,2600.HK
Insurance—Life,2601.HK
Real Estate Services,2602.HK
Medical Distribution,2607.HK
Real Estate—Development,2608.HK
Capital Markets,2611.HK
Biotechnology,2616.HK
Integrated Freight & Logistics,2618.HK
Other Industrial Metals & Mining,2623.HK
Insurance—Life,2628.HK
Drug Manufacturers—Specialty & Generic,2633.HK
Utilities—Regulated Electric,2638.HK
Electronic Gaming & Multimedia,2660.HK
Engineering & Construction,2663.HK
Credit Services,2666.HK
Apparel Manufacturing,2668.HK
Real Estate Services,2669.HK
Textile Manufacturing,2678.HK
Capital Markets,2680.HK
Marine Shipping,2682.HK
Footwear & Accessories,2683.HK
Oil & Gas E&P,2686.HK
Utilities—Regulated Gas,2688.HK
Paper & Paper Products,2689.HK
Biotechnology,2696.HK
Textile Manufacturing,2698.HK
Real Estate—Development,2699.HK
Conglomerates,2700.HK
Software—Infrastructure,2708.HK
Credit Services,2718.HK
Specialty Industrial Machinery,2722.HK
Specialty Industrial Machinery,2727.HK
Oil & Gas Refining & Marketing,2728.HK
Steel,2738.HK
Real Estate—Development,2768.HK
Real Estate—Development,2772.HK
Real Estate—Development,2777.HK
REIT—Retail,2778.HK
Education & Training Services,2779.HK
Engineering & Construction,2789.HK
Coking Coal,2798.HK
Asset Management,2799.HK
Credit Services,2858.HK
Engineering & Construction,2863.HK
Marine Shipping,2866.HK
Real Estate Services,2869.HK
Drug Manufacturers—Specialty & Generic,2877.HK
Semiconductors,2878.HK
Marine Shipping,2880.HK
Luxury Goods,2882.HK
Oil & Gas Equipment & Services,2883.HK
Security & Protection Services,2885.HK
Utilities—Regulated Gas,2886.HK
Banks—Diversified,2888.HK
Real Estate—Development,2892.HK
Gold,2899.HK
Building Materials,3300.HK
Real Estate—Development,3301.HK
Specialty Industrial Machinery,3302.HK
Oil & Gas Equipment & Services,3303.HK
Apparel Manufacturing,3306.HK
Department Stores,3308.HK
Medical Care Facilities,3309.HK
Engineering & Construction,3311.HK
Building Products & Equipment,3313.HK
Software—Infrastructure,3315.HK
Real Estate Services,3316.HK
Specialty Chemicals,3318.HK
Real Estate Services,3319.HK
Drug Manufacturers—Specialty & Generic,3320.HK
Engineering & Construction,3321.HK
Apparel Manufacturing,3322.HK
Building Materials,3323.HK
Luxury Goods,3326.HK
Banks—Diversified,3328.HK
Financial Conglomerates,3329.HK
Gold,3330.HK
Household & Personal Products,3331.HK
Household & Personal Products,3332.HK
Real Estate—Development,3333.HK
Computer Hardware,3336.HK
Oil & Gas Equipment & Services,3337.HK
Farm & Heavy Construction Machinery,3339.HK
Chemicals,3344.HK
Diagnostics & Research,3347.HK
Specialty Industrial Machinery,3348.HK
Credit Services,3360.HK
Paper & Paper Products,3363.HK
Real Estate—Development,3366.HK
Department Stores,3368.HK
Marine Shipping,3369.HK
Real Estate—Development,3377.HK
Real Estate—Development,3380.HK
Marine Shipping,3382.HK
Real Estate—Development,3383.HK
Luxury Goods,3389.HK
Pharmaceutical Retailers,3390.HK
Electrical Equipment & Parts,3393.HK
Oil & Gas E&P,3395.HK
Computer Hardware,3396.HK
Apparel Manufacturing,3398.HK
Integrated Freight & Logistics,3399.HK
Medical Instruments & Supplies,3600.HK
Internet Content & Information,3601.HK
Real Estate Services,3603.HK
Auto Parts,3606.HK
Textile Manufacturing,3608.HK
Software—Application,3611.HK
Pharmaceutical Retailers,3613.HK
Real Estate—Development,3616.HK
Banks—Regional,3618.HK
Financial Conglomerates,3623.HK
Specialty Business Services,3626.HK
Specialty Industrial Machinery,3628.HK
Utilities—Regulated Gas,3633.HK
Entertainment,3636.HK
Computer Hardware,3638.HK
Real Estate—Development,3639.HK
Real Estate Services,3658.HK
Credit Services,3660.HK
Real Estate Services,3662.HK
Restaurants,3666.HK
Thermal Coal,3668.HK
Auto & Truck Dealerships,3669.HK
Capital Markets,3678.HK
Information Technology Services,3680.HK
Biotechnology,3681.HK
Marine Shipping,3683.HK
Grocery Stores,3686.HK
Real Estate—Development,3688.HK
Medical Care Facilities,3689.HK
Internet Retail,3690.HK
Drug Manufacturers—Specialty & Generic,3692.HK
Banks—Regional,3698.HK
Real Estate Services,3699.HK
Internet Content & Information,3700.HK
Residential Construction,3708.HK
Apparel Retail,3709.HK
Waste Management,3718.HK
Engineering & Construction,3728.HK
Drug Manufacturers—Specialty & Generic,3737.HK
Software—Application,3738.HK
Biotechnology,3759.HK
Utilities—Regulated Water,3768.HK
Software—Infrastructure,3773.HK
Textile Manufacturing,3778.HK
Steel,3788.HK
Engineering & Construction,3789.HK
Electronic Gaming & Multimedia,3798.HK
Packaged Foods,3799.HK
Solar,3800.HK
Farm & Heavy Construction Machinery,3808.HK
Footwear & Accessories,3813.HK
Metal Fabrication,3816.HK
Apparel Manufacturing,3818.HK
Engineering & Construction,3822.HK
Household & Personal Products,3828.HK
Leisure,3830.HK
Other Industrial Metals & Mining,3833.HK
Auto & Truck Dealerships,3836.HK
Packaged Foods,3838.HK
Drug Manufacturers—Specialty & Generic,3839.HK
Credit Services,3848.HK
Apparel Retail,3860.HK
Banks—Regional,3866.HK
Utilities—Renewable,3868.HK
Medical Care Facilities,3869.HK
Rental & Leasing Services,3877.HK
Engineering & Construction,3878.HK
Security & Protection Services,3882.HK
Real Estate—Development,3883.HK
Medical Care Facilities,3886.HK
Electronic Gaming & Multimedia,3888.HK
Packaged Foods,3889.HK
Consulting Services,3893.HK
Software—Application,3896.HK
Railroads,3898.HK
Oil & Gas Equipment & Services,3899.HK
Real Estate—Development,3900.HK
Credit Services,3903.HK
Capital Markets,3908.HK
Real Estate Services,3913.HK
Resorts & Casinos,3918.HK
Electrical Equipment & Parts,3919.HK
Engineering & Construction,3928.HK
Electrical Equipment & Parts,3931.HK
Drug Manufacturers—Specialty & Generic,3933.HK
Capital Markets,3938.HK
Other Industrial Metals & Mining,3939.HK
Thermal Coal,3948.HK
Capital Markets,3958.HK
Credit Services,3963.HK
Banks—Regional,3968.HK
Railroads,3969.HK
Education & Training Services,3978.HK
Agricultural Inputs,3983.HK
Banks—Diversified,3988.HK
Waste Management,3989.HK
Real Estate Services,3990.HK
Electronics & Computer Distribution,3991.HK
Other Industrial Metals & Mining,3993.HK
Engineering & Construction,3996.HK
Personal Services,3997.HK
Apparel Manufacturing,3998.HK
Packaged Foods,3999.HK
Drug Manufacturers—General,4332.HK
Communication Equipment,4333.HK
Semiconductors,4335.HK
Semiconductor Equipment & Materials,4336.HK
Software—Infrastructure,4338.HK
Capital Markets,6030.HK
Specialty Retail,6033.HK
Electronics & Computer Distribution,6036.HK
Engineering & Construction,6038.HK
Real Estate Services,6049.HK
Tobacco,6055.HK
Financial Conglomerates,6058.HK
Insurance—Property & Casualty,6060.HK
Engineering & Construction,6063.HK
Capital Markets,6066.HK
Education & Training Services,6068.HK
Credit Services,6069.HK
Medical Care Facilities,6078.HK
Engineering & Construction,6080.HK
Electronic Components,6088.HK
Lodging,6090.HK
Real Estate Services,6093.HK
Real Estate Services,6098.HK
Capital Markets,6099.HK
Staffing & Employment Services,6100.HK
Pharmaceutical Retailers,6108.HK
Apparel Retail,6110.HK
Real Estate—Development,6111.HK
Advertising Agencies,6113.HK
Apparel Retail,6116.HK
Marine Shipping,6117.HK
Medical Devices,6118.HK
Marine Shipping,6119.HK
Banks—Regional,6122.HK
Integrated Freight & Logistics,6123.HK
Diagnostics & Research,6127.HK
Other Industrial Metals & Mining,6128.HK
Consumer Electronics,6133.HK
Utilities—Regulated Water,6136.HK
Banks—Regional,6138.HK
Real Estate—Development,6158.HK
Biotechnology,6160.HK
Insurance—Property & Casualty,6161.HK
Auto Parts,6162.HK
Auto Parts,6163.HK
Education & Training Services,6169.HK
Capital Markets,6178.HK
Engineering & Construction,6182.HK
Drug Manufacturers—Specialty & Generic,6185.HK
Packaged Foods,6186.HK
Specialty Retail,6188.HK
Engineering & Construction,6189.HK
Banks—Regional,6190.HK
Building Materials,6193.HK
Banks—Regional,6196.HK
Marine Shipping,6198.HK
Banks—Regional,6199.HK
Apparel Retail,6288.HK
Drug Manufacturers—Specialty & Generic,6600.HK
Household & Personal Products,6601.HK
Medical Devices,6606.HK
Software—Infrastructure,6608.HK
Medical Devices,6609.HK
Software—Application,6610.HK
Real Estate—Development,6611.HK
Chemicals,6616.HK
Medical Care Facilities,6618.HK
Biotechnology,6622.HK
Credit Services,6623.HK
Real Estate Services,6626.HK
Biotechnology,6628.HK
Electronic Gaming & Multimedia,6633.HK
Software—Application,6638.HK
Medical Care Facilities,6639.HK
Building Materials,6655.HK
Biotechnology,6660.HK
Utilities—Regulated Gas,6661.HK
Security & Protection Services,6663.HK
Real Estate Services,6666.HK
Diagnostics & Research,6667.HK
Real Estate Services,6668.HK
Medical Devices,6669.HK
Real Estate Services,6677.HK
Metal Fabrication,6680.HK
Packaged Foods,6683.HK
Asset Management,6686.HK
Food Distribution,6689.HK
"Furnishings, Fixtures & Appliances",6690.HK
Advertising Agencies,6696.HK
Entertainment,6698.HK
Medical Instruments & Supplies,6699.HK
Waste Management,6805.HK
Capital Markets,6806.HK
Department Stores,6808.HK
Restaurants,6811.HK
Waste Management,6812.HK
Engineering & Construction,6816.HK
Banks—Regional,6818.HK
Health Information Services,6819.HK
Electronic Gaming & Multimedia,6820.HK
Biotechnology,6821.HK
"Furnishings, Fixtures & Appliances",6822.HK
Telecom Services,6823.HK
Biotechnology,6826.HK
Utilities—Regulated Gas,6828.HK
Engineering & Construction,6829.HK
Auto Parts,6830.HK
Advertising Agencies,6833.HK
Packaged Foods,6836.HK
Capital Markets,6837.HK
Luxury Goods,6838.HK
Utilities—Regulated Water,6839.HK
Biotechnology,6855.HK
Leisure,6858.HK
Electronic Gaming & Multimedia,6860.HK
Restaurants,6862.HK
Building Products & Equipment,6865.HK
Credit Services,6866.HK
Packaged Foods,6868.HK
Communication Equipment,6869.HK
Capital Markets,6877.HK
Credit Services,6878.HK
Specialty Retail,6880.HK
Capital Markets,6881.HK
Travel Services,6882.HK
Coking Coal,6885.HK
Capital Markets,6886.HK
Infrastructure Operations,6888.HK
Gambling,6889.HK
Steel,6890.HK
Household & Personal Products,6893.HK
Drug Manufacturers—Specialty & Generic,6896.HK
Packaging & Containers,6898.HK
Electronic Gaming & Multimedia,6899.HK
Real Estate—Development,6900.HK
Electrical Equipment & Parts,6908.HK
Auto & Truck Dealerships,6909.HK
Education & Training Services,6913.HK
Leisure,6918.HK
Staffing & Employment Services,6919.HK
Medical Devices,6922.HK
Auto Parts,6928.HK
Medical Instruments & Supplies,6929.HK
Electronic Gaming & Multimedia,6933.HK
Computer Hardware,6939.HK
Biotechnology,6955.HK
Real Estate Services,6958.HK
Insurance—Diversified,6963.HK
Personal Services,6966.HK
Real Estate—Development,6968.HK
Tobacco,6969.HK
Biotechnology,6978.HK
Beverages—Wineries & Distilleries,6979.HK
Advertising Agencies,6988.HK
Real Estate Services,6989.HK
Household & Personal Products,6993.HK
Biotechnology,6996.HK
Biotechnology,6998.HK
Real Estate—Development,6999.HK
Shell Companies,7801.HK
Shell Companies,7827.HK
Shell Companies,7836.HK
Shell Companies,7841.HK
Shell Companies,7855.HK
Credit Services,8001.HK
Lumber & Wood Production,8003.HK
Consumer Electronics,8005.HK
Publishing,8006.HK
Oil & Gas Refining & Marketing,8007.HK
Oil & Gas Refining & Marketing,8009.HK
Oil & Gas E&P,8011.HK
Software—Infrastructure,8017.HK
Software—Application,8018.HK
Credit Services,8019.HK
Marine Shipping,8020.HK
Engineering & Construction,8021.HK
Engineering & Construction,8023.HK
Asset Management,8025.HK
Luxury Goods,8026.HK
Metal Fabrication,8027.HK
Other Industrial Metals & Mining,8028.HK
Financial Conglomerates,8029.HK
Asset Management,8030.HK
Staffing & Employment Services,8031.HK
Apparel Manufacturing,8032.HK
Information Technology Services,8033.HK
Software—Application,8036.HK
Diagnostics & Research,8037.HK
Engineering & Construction,8039.HK
Consulting Services,8040.HK
Apparel Manufacturing,8041.HK
Staffing & Employment Services,8042.HK
Communication Equipment,8043.HK
Electronics & Computer Distribution,8045.HK
Integrated Freight & Logistics,8047.HK
Software—Application,8048.HK
Drug Manufacturers—Specialty & Generic,8049.HK
Information Technology Services,8050.HK
Security & Protection Services,8051.HK
Resorts & Casinos,8052.HK
Specialty Chemicals,8053.HK
Restaurants,8056.HK
Beverages—Wineries & Distilleries,8057.HK
Engineering & Construction,8059.HK
Software—Application,8060.HK
Software—Infrastructure,8062.HK
Credit Services,8063.HK
Infrastructure Operations,8065.HK
Semiconductors,8066.HK
Real Estate Services,8067.HK
Travel Services,8069.HK
Electronic Components,8070.HK
Software—Application,8071.HK
Capital Markets,8072.HK
Electronic Components,8073.HK
Information Technology Services,8076.HK
Entertainment,8078.HK
Grocery Stores,8079.HK
Industrial Distribution,8080.HK
Information Technology Services,8081.HK
Entertainment,8082.HK
Software—Application,8083.HK
Conglomerates,8086.HK
Entertainment,8087.HK
Advertising Agencies,8091.HK
Communication Equipment,8092.HK
Advertising Agencies,8093.HK
Travel Services,8095.HK
Restaurants,8096.HK
Capital Markets,8098.HK
Software—Application,8100.HK
Information Technology Services,8103.HK
Electronics & Computer Distribution,8106.HK
Apparel Manufacturing,8107.HK
Solar,8111.HK
Advertising Agencies,8112.HK
Electronic Components,8113.HK
Specialty Industrial Machinery,8115.HK
Oil & Gas Midstream,8117.HK
"Furnishings, Fixtures & Appliances",8118.HK
Restaurants,8120.HK
Advertising Agencies,8121.HK
Capital Markets,8123.HK
"Furnishings, Fixtures & Appliances",8125.HK
Auto & Truck Dealerships,8126.HK
Engineering & Construction,8128.HK
Publishing,8130.HK
Software—Application,8131.HK
Electrical Equipment & Parts,8132.HK
Metal Fabrication,8133.HK
Electrical Equipment & Parts,8136.HK
Electrical Equipment & Parts,8137.HK
Chemicals,8139.HK
Steel,8140.HK
Medical Care Facilities,8143.HK
Beverages—Wineries & Distilleries,8146.HK
Consumer Electronics,8147.HK
Software—Application,8148.HK
Conglomerates,8149.HK
Electronic Components,8150.HK
Specialty Chemicals,8151.HK
Industrial Distribution,8152.HK
Advertising Agencies,8153.HK
Software—Application,8156.HK
Biotechnology,8158.HK
Computer Hardware,8159.HK
Education & Training Services,8160.HK
Medical Care Facilities,8161.HK
Conglomerates,8162.HK
Conglomerates,8166.HK
Telecom Services,8167.HK
Capital Markets,8168.HK
Pollution & Treatment Controls,8169.HK
Engineering & Construction,8170.HK
Entertainment,8172.HK
Consulting Services,8173.HK
Household & Personal Products,8176.HK
Information Technology Services,8178.HK
Packaged Foods,8179.HK
Real Estate Services,8181.HK
Lumber & Wood Production,8186.HK
Footwear & Accessories,8187.HK
Engineering & Construction,8188.HK
Agricultural Inputs,8189.HK
Lumber & Wood Production,8191.HK
Capital Markets,8193.HK
Apparel Manufacturing,8195.HK
Waste Management,8196.HK
Information Technology Services,8198.HK
Household & Personal Products,8200.HK
Waste Management,8201.HK
Thermal Coal,8203.HK
Software—Application,8205.HK
Specialty Business Services,8206.HK
Engineering & Construction,8208.HK
Capital Markets,8210.HK
Textile Manufacturing,8211.HK
Restaurants,8213.HK
Engineering & Construction,8217.HK
Scientific & Technical Instruments,8218.HK
Luxury Goods,8219.HK
Entertainment,8220.HK
Capital Markets,8221.HK
"Furnishings, Fixtures & Appliances",8222.HK
Credit Services,8223.HK
Diagnostics & Research,8225.HK
Capital Markets,8226.HK
Communication Equipment,8227.HK
Leisure,8228.HK
Information Technology Services,8229.HK
Restaurants,8232.HK
Lodging,8237.HK
Advertising Agencies,8238.HK
Credit Services,8239.HK
Packaged Foods,8241.HK
Communication Equipment,8245.HK
Engineering & Construction,8246.HK
Diagnostics & Research,8247.HK
Electronic Components,8249.HK
Thermal Coal,8250.HK
Semiconductor Equipment & Materials,8257.HK
Engineering & Construction,8262.HK
Electronic Gaming & Multimedia,8267.HK
Engineering & Construction,8268.HK
Conglomerates,8269.HK
Oil & Gas Refining & Marketing,8270.HK
Entertainment,8271.HK
Engineering & Construction,8275.HK
Lumber & Wood Production,8277.HK
Gambling,8279.HK
Entertainment,8280.HK
Household & Personal Products,8281.HK
Electronic Gaming & Multimedia,8282.HK
Auto Parts,8283.HK
Footwear & Accessories,8285.HK
Communication Equipment,8286.HK
Communication Equipment,8287.HK
Software—Application,8290.HK
Packaging & Containers,8291.HK
Integrated Freight & Logistics,8292.HK
Staffing & Employment Services,8293.HK
Capital Markets,8295.HK
Personal Services,8296.HK
Apparel Manufacturing,8297.HK
Gold,8299.HK
Restaurants,8300.HK
Engineering & Construction,8305.HK
Medical Care Facilities,8307.HK
Resorts & Casinos,8308.HK
Waste Management,8309.HK
Integrated Freight & Logistics,8310.HK
Electronic Components,8311.HK
Asset Management,8313.HK
Security & Protection Services,8315.HK
Engineering & Construction,8316.HK
Specialty Business Services,8317.HK
Information Technology Services,8319.HK
Waste Management,8320.HK
Engineering & Construction,8321.HK
Specialty Business Services,8325.HK
Utilities—Renewable,8326.HK
Electrical Equipment & Parts,8328.HK
Drug Manufacturers—Specialty & Generic,8329.HK
Other Industrial Metals & Mining,8331.HK
Capital Markets,8333.HK
Telecom Services,8337.HK
Capital Markets,8340.HK
Consulting Services,8341.HK
Oil & Gas Refining & Marketing,8347.HK
Integrated Freight & Logistics,8348.HK
Building Products & Equipment,8349.HK
Capital Markets,8350.HK
Software—Application,8353.HK
Engineering & Construction,8356.HK
Medical Care Facilities,8357.HK
Engineering & Construction,8360.HK
Packaged Foods,8362.HK
Education & Training Services,8363.HK
Capital Markets,8365.HK
Engineering & Construction,8366.HK
Restaurants,8367.HK
Entertainment,8368.HK
Business Equipment & Supplies,8370.HK
Restaurants,8371.HK
Medical Distribution,8372.HK
Engineering & Construction,8373.HK
Electronic Components,8375.HK
Textile Manufacturing,8377.HK
Security & Protection Services,8379.HK
Packaging & Containers,8383.HK
Specialty Business Services,8385.HK
Specialty Business Services,8391.HK
"Furnishings, Fixtures & Appliances",8392.HK
Specialty Retail,8395.HK
Gambling,8400.HK
Advertising Agencies,8401.HK
Steel,8402.HK
Advertising Agencies,8403.HK
Medical Care Facilities,8405.HK
Leisure,8406.HK
Engineering & Construction,8411.HK
Restaurants,8412.HK
Food Distribution,8413.HK
Specialty Business Services,8416.HK
Education & Training Services,8417.HK
Auto Parts,8418.HK
Specialty Business Services,8419.HK
Software—Infrastructure,8420.HK
Engineering & Construction,8422.HK
Engineering & Construction,8423.HK
Rental & Leasing Services,8425.HK
Real Estate Services,8426.HK
Communication Equipment,8427.HK
Restaurants,8428.HK
Advertising Agencies,8429.HK
Trucking,8430.HK
Engineering & Construction,8431.HK
Restaurants,8432.HK
Household & Personal Products,8436.HK
Medical Care Facilities,8437.HK
Capital Markets,8439.HK
Engineering & Construction,8445.HK
Entertainment,8446.HK
Restaurants,8447.HK
Specialty Business Services,8448.HK
Specialty Business Services,8450.HK
Household & Personal Products,8451.HK
Credit Services,8452.HK
Consulting Services,8455.HK
Engineering & Construction,8460.HK
Staffing & Employment Services,8462.HK
Textile Manufacturing,8471.HK
Waste Management,8472.HK
Specialty Retail,8473.HK
Restaurants,8475.HK
Packaged Foods,8476.HK
Oil & Gas Refining & Marketing,8479.HK
Textile Manufacturing,8480.HK
Paper & Paper Products,8481.HK
Integrated Freight & Logistics,8482.HK
Personal Services,8483.HK
Communication Equipment,8487.HK
Integrated Freight & Logistics,8489.HK
Semiconductor Equipment & Materials,8490.HK
Food Distribution,8491.HK
Restaurants,8493.HK
Restaurants,8495.HK
Grocery Stores,8496.HK
Advertising Agencies,8500.HK
Consulting Services,8501.HK
Infrastructure Operations,8502.HK
Apparel Manufacturing,8507.HK
Beverages—Wineries & Distilleries,8509.HK
Restaurants,8510.HK
Scientific & Technical Instruments,8511.HK
Household & Personal Products,8512.HK
Medical Instruments & Supplies,8513.HK
Engineering & Construction,8516.HK
Restaurants,8519.HK
Textile Manufacturing,8521.HK
Engineering & Construction,8523.HK
Credit Services,8525.HK
Building Products & Equipment,8526.HK
Restaurants,8527.HK
Engineering & Construction,8532.HK
Security & Protection Services,8535.HK
Specialty Retail,8536.HK
Luxury Goods,8537.HK
Capital Markets,8540.HK
Leisure,8545.HK
"Furnishings, Fixtures & Appliances",8547.HK
Engineering & Construction,8601.HK
Personal Services,8603.HK
Information Technology Services,8606.HK
Textile Manufacturing,8607.HK
Packaged Foods,8609.HK
Information Technology Services,8611.HK
Rental & Leasing Services,8612.HK
Software—Infrastructure,8613.HK
Engineering & Construction,8616.HK
Specialty Industrial Machinery,8617.HK
Engineering & Construction,8619.HK
Airports & Air Services,8620.HK
Credit Services,8621.HK
Drug Manufacturers—Specialty & Generic,8622.HK
Electrical Equipment & Parts,8623.HK
Advertising Agencies,8627.HK
Oil & Gas Refining & Marketing,8631.HK
Software—Application,8635.HK
Telecom Services,8645.HK
Building Products & Equipment,8646.HK
Asset Management,8657.HK
Packaging & Containers,8659.HK
Travel Services,8668.HK
Software—Application,9600.HK
Real Estate Services,9608.HK
Education & Training Services,9616.HK
Internet Retail,9618.HK
Electronic Gaming & Multimedia,9626.HK
Beverages—Non-Alcoholic,9633.HK
Education & Training Services,9636.HK
Leisure,9638.HK
Restaurants,9658.HK
Real Estate Services,9666.HK
Banks—Regional,9668.HK
Software—Application,9669.HK
Banks—Regional,9677.HK
Biotechnology,9688.HK
Oil & Gas Refining & Marketing,9689.HK
Other Industrial Metals & Mining,9696.HK
Information Technology Services,9698.HK
Integrated Freight & Logistics,9699.HK
Entertainment,9857.HK
Farm Products,9858.HK
Diagnostics & Research,9860.HK
Auto Manufacturers,9863.HK
Auto Manufacturers,9866.HK
Auto Manufacturers,9868.HK
Restaurants,9869.HK
Medical Devices,9877.HK
Software—Application,9878.HK
Pharmaceutical Retailers,9885.HK
Health Information Services,9886.HK
Internet Content & Information,9888.HK
Banks—Regional,9889.HK
Specialty Retail,9896.HK
Internet Content & Information,9898.HK
Internet Content & Information,9899.HK
Engineering & Construction,9900.HK
Education & Training Services,9901.HK
Medical Care Facilities,9906.HK
Utilities—Regulated Gas,9908.HK
Real Estate Services,9909.HK
Software—Application,9911.HK
Engineering & Construction,9913.HK
Real Estate Services,9916.HK
Electronic Components,9918.HK
Advertising Agencies,9919.HK
Restaurants,9922.HK
Software—Infrastructure,9923.HK
Biotechnology,9926.HK
Real Estate Services,9928.HK
Engineering & Construction,9929.HK
Industrial Distribution,9930.HK
Chemicals,9933.HK
Specialty Chemicals,9936.HK
Building Products & Equipment,9938.HK
Biotechnology,9939.HK
Medical Distribution,9955.HK
Trucking,9956.HK
Entertainment,9958.HK
Software—Infrastructure,9959.HK
Diagnostics & Research,9960.HK
Travel Services,9961.HK
Communication Equipment,9963.HK
Biotechnology,9966.HK
Real Estate—Development,9968.HK
Biotechnology,9969.HK
Real Estate Services,9978.HK
Real Estate Services,9979.HK
Real Estate Services,9982.HK
Real Estate Services,9983.HK
Packaged Foods,9985.HK
Education & Training Services,9986.HK
Restaurants,9987.HK
Internet Retail,9988.HK
Drug Manufacturers—Specialty & Generic,9989.HK
Electronic Gaming & Multimedia,9990.HK
Internet Retail,9991.HK
Leisure,9992.HK
Real Estate—Development,9993.HK
Biotechnology,9995.HK
Medical Devices,9996.HK
Medical Instruments & Supplies,9997.HK
Engineering & Construction,9998.HK
Electronic Gaming & Multimedia,9999.HK
